Fund Name,P1,P2,P3,P4,P5,Score,Rank
M1,0.7,0.49,4.3,45.9,12.85,0.30933991980667225,2
M2,0.62,0.38,6.3,32.8,10.03,0.21135914247110593,1
M3,0.8,0.64,6.0,36.7,11.04,0.37549175278595437,8
M4,0.73,0.53,5.2,54.5,15.24,0.4952082462285567,3
M5,0.94,0.88,4.4,35.9,10.53,0.4736926193629036,6
M6,0.85,0.72,5.6,39.7,11.72,0.45115462855453714,5
M7,0.75,0.56,6.9,65.3,18.38,0.6753253454665288,4
M8,0.81,0.66,5.8,31.2,9.62,0.3391296767759257,7
